<?xml version="1.0" encoding="UTF-8"?>
<!DOCTYPE suite SYSTEM "http://testng.org/testng-1.0.dtd">
<suite name="All Test Suite">
    <test verbose="2" preserve-order="true" name="/Users/gautam/IdeaProjects/WKSelenium">
        <classes>
            <class name="TestCase.TC01CreateToDoTaskSuccessfully"/>
            <class name="TestCase.TC02DeleteActiveToDoTaskSuccessfully"/>
            <class name="TestCase.TC03MarkToDoTaskCompletedSuccessfully"/>
            <class name="TestCase.TC04ClearAllCompletedToDoTaskSuccessfully"/>
            <class name="TestCase.TC05UpdateTheToDoTaskNameSuccessfully"/>
            <class name="TestCase.TC06AddToDoTaskWithSingleCharacterNameUnsuccessfully"/>
            <class name="TestCase.TC07WithoutMarkingCompleteClearCompletedToDoTaskUnsuccessfully"/>
            <class name="TestCase.TC08CompletedToDoTaskComesUnderActiveSectionUnsuccessfully"/>
            <class name="TestCase.TC09UpdateToDoTaskWithSingleCharacterNameUnsuccessfully"/>
        </classes>
    </test>
</suite>